88,-0.8808906674385071,88
83,-0.923237681388855,17
19,-0.8606891632080078,10
205,-0.99883633852005,10
55,-0.9357806444168092,10
232,-0.9858242273330688,12
67,-0.9219356775283812,3
12,-0.9971502423286438,13
66,-0.8995842933654785,5
166,-0.9967222809791564,31
38,-0.9945881366729736,7
25,-0.9987382292747498,14
63,-0.8482714295387268,16
58,-0.506436824798584,46
62,-0.998903512954712,9
331,-0.9989086389541626,25
21,-0.9463678002357484,12
21,-0.992270827293396,22
28,-0.9844436645507812,11
260,-0.9987056255340576,15
123,-0.9986520409584044,5
104,-0.8676553964614868,9
92,-0.98393976688385,16
210,-0.9391799569129944,9
90,-0.9867013096809388,72
15,-0.8663530349731445,10
196,-0.9831480979919434,19
84,-0.9986500144004822,9
172,-0.9972851276397704,11
61,-0.9775271415710448,10
50,-0.9899017810821532,40
8,-0.8340151906013489,12
195,-0.9522929787635804,15
48,-0.9830485582351683,18
136,-0.998164713382721,28
49,-0.5880618095397949,32
235,-0.9057403206825256,27
24,-0.9959874749183656,48
40,-0.9727043509483336,26
127,-0.9839194416999816,15
132,-0.9933854937553406,13
30,-0.948066473007202,24
194,-0.9856539368629456,17
82,-0.998538374900818,9
50,-0.9933435916900636,21
49,-0.5625591278076172,8
229,-0.9992498755455016,13
62,-0.628737211227417,13
53,-0.99872487783432,9
108,-0.5590556859970093,20
144,-0.5610840320587158,51
84,-0.9992861151695251,17
70,-0.9287614822387696,33
190,-0.998152792453766,17
92,-0.8217594027519226,39
34,-0.616654098033905,13
32,-0.9711779952049256,19
245,-0.5625346302986145,26
81,-0.997238039970398,19
20,-0.8842144608497621,40
14,-0.6121716499328613,22
48,-0.9961155652999878,32
165,-0.9773930907249452,25
123,-0.7866383790969849,9
22,-0.9086421728134156,41
54,-0.9971264004707336,18
36,-0.5475187301635742,58
80,-0.8268229961395264,23
202,-0.9823103547096252,7
174,-0.6184560656547546,17
55,-0.8920819759368896,33
46,-0.8914257884025574,8
64,-0.5852344632148743,12
70,-0.9974236488342284,40
45,-0.9986673593521118,26
141,-0.9498763680458068,15
57,-0.946974515914917,12
33,-0.6507710218429565,21
101,-0.760783314704895,32
19,-0.8651618957519531,14
54,-0.9876071810722352,9
179,-0.9925668239593506,42
61,-0.8535926938056946,39
38,-0.9851072430610656,18
120,-0.9979546070098876,19
86,-0.9991611242294312,37
41,-0.98774391412735,17
123,-0.999152898788452,11
114,-0.9892414212226868,29
22,-0.9960449337959291,47
21,-0.99833482503891,29
158,-0.6512117981910706,24
29,-0.9980149269104004,12
25,-0.9671982526779176,36
50,-0.8679584264755249,52
49,-0.9986677169799804,18
134,-0.9986156225204468,18
44,-0.9006950259208679,24
193,-0.9924721717834472,28
13,-0.989566445350647,13
169,-0.991788685321808,48
23,-0.9795290231704712,12
19,-0.6646901965141296,17
10,-0.5956020951271057,14
31,-0.9641302227973938,16
184,-0.5162767767906189,12
115,-0.9934154748916626,15
37,-0.8693020343780518,15
85,-0.9964954257011414,46
174,-0.9981328845024108,15
26,-0.9930205941200256,14
49,-0.9736764430999756,18
40,-0.9979865550994872,25
185,-0.6277438998222351,16
64,-0.99390310049057,47
73,-0.9766398668289183,31
48,-0.9664276838302612,21
123,-0.9915356636047364,14
36,-0.9699641466140748,55
30,-0.9986948370933532,6
158,-0.90825355052948,23
42,-0.9956541061401368,37
130,-0.9947288632392884,22
108,-0.9698227643966676,48
142,-0.6586921811103821,15
66,-0.9988076686859132,29
159,-0.9723839759826659,9
69,-0.8488617539405823,29
154,-0.9500389099121094,46
61,-0.9933937191963196,19
156,-0.999140739440918,7
88,-0.9986348748207092,11
43,-0.9989150762557985,24
57,-0.9944326281547546,27
164,-0.998504877090454,23
59,-0.9903401732444764,28
38,-0.8488950729370117,37
40,-0.9983009696006776,20
64,-0.9987403750419616,32
54,-0.933432936668396,27
124,-0.9963656663894652,22
23,-0.9743111729621888,14
136,-0.9902329444885254,21
135,-0.996994972229004,29
23,-0.9975728392601012,33
145,-0.9967222809791564,23
132,-0.9973775148391724,18
22,-0.99777090549469,55
244,-0.6767273545265198,17
107,-0.9983857870101928,14
46,-0.998754382133484,15
150,-0.9812530875205994,9
39,-0.9984105825424194,16
148,-0.8767134547233582,23
12,-0.9986178874969482,52
46,-0.9934906959533693,16
226,-0.9969630837440492,36
69,-0.9982241988182068,6
216,-0.9630410075187684,19
33,-0.8507391810417175,23
138,-0.9979788661003112,26
29,-0.9966557025909424,14
153,-0.7475813031196594,23
30,-0.996042251586914,31
141,-0.9787117838859558,26
132,-0.990290343761444,20
76,-0.9991648197174072,19
27,-0.9925422668457032,30
79,-0.5326030850410461,32
139,-0.7240163087844849,11
56,-0.5525934100151062,18
26,-0.9796079397201538,32
184,-0.9984089732170104,21
124,-0.9990472197532654,15
152,-0.9952175617218018,21
58,-0.9883663058280944,27
29,-0.9976621866226196,7
144,-0.9970985651016236,21
62,-0.9886512756347656,21
172,-0.9607310891151428,23
113,-0.9691279530525208,32
31,-0.9986603260040284,27
5,-0.9982143640518188,26
3,-0.9915056824684144,57
150,-0.9988282322883606,15
121,-0.9990606904029846,23
19,-0.9988551139831544,55
127,-0.9949380159378052,44
68,-0.9984716773033142,10
48,-0.9983299374580384,23
64,-0.7198366522789001,30
32,-0.9959955215454102,12
12,-0.9931412339210509,22
53,-0.5658649802207947,22
199,-0.994821310043335,16
22,-0.9991173148155212,37
14,-0.9988136291503906,20
100,-0.990692675113678,49
74,-0.9880273342132568,57
112,-0.6132912039756775,34
27,-0.9913710355758668,37
55,-0.9803131222724916,8
63,-0.9678525924682616,54
77,-0.991800844669342,35
63,-0.9202741384506226,93
124,-0.9761451482772828,14
19,-0.9311034679412842,13
14,-0.994665265083313,10
129,-0.9991815686225892,19
99,-0.9991520643234252,10
32,-0.9861761927604676,35
197,-0.6359825134277344,9
139,-0.9451360702514648,53
60,-0.8501030802726746,36
77,-0.6275791525840759,21
38,-0.9041327834129332,16
27,-0.9618021845817566,10
43,-0.9975335597991944,41
269,-0.5732493996620178,11
48,-0.990131974220276,20
19,-0.957694172859192,16
370,-0.9990398287773132,24
47,-0.9948984980583192,74
30,-0.988588571548462,31
57,-0.84476637840271,6
295,-0.6745544075965881,23
234,-0.6636912822723389,23
42,-0.9613410234451294,17
50,-0.980014979839325,19
40,-0.9221743941307068,30
28,-0.988186538219452,10
216,-0.9903489351272584,92
59,-0.9978402853012084,40
119,-0.9433518052101136,21
206,-0.9919472336769104,20
92,-0.974847972393036,45
247,-0.995639443397522,11
47,-0.9934305548667908,11
26,-0.9905825853347778,67
371,-0.9988025426864624,18
43,-0.9990125894546508,50
27,-0.99932861328125,15
225,-0.9624906182289124,15
275,-0.9613896012306212,29
34,-0.9954213500022888,23
15,-0.9962230920791626,17
44,-0.9963446259498596,10
22,-0.9985820055007936,12
38,-0.9964852333068848,26
292,-0.9909640550613404,21
97,-0.9720247983932496,8
46,-0.9988563060760498,18
93,-0.9624625444412231,9
50,-0.9985650181770324,13
113,-0.9989573955535888,13
89,-0.9988737702369691,10
39,-0.99920254945755,12
142,-0.9937189817428588,21
133,-0.9626935124397278,20
31,-0.9990540146827698,4
84,-0.998789370059967,6
39,-0.9135998487472534,5
19,-0.9980175495147704,8
189,-0.8596982359886169,35
38,-0.9971049427986144,55
118,-0.9957247972488404,15
35,-0.9813697338104248,26
178,-0.6333897113800049,17
44,-0.9984408020973206,10
136,-0.9959742426872252,15
234,-0.6976619362831116,10
33,-0.9614205956459044,36
152,-0.9300848245620728,25
178,-0.9212040305137634,20
79,-0.9191918373107909,34
48,-0.9990885257720948,24
223,-0.918343722820282,32
98,-0.9935269355773926,14
37,-0.8292589783668518,14
93,-0.9747487902641296,11
186,-0.7662819623947144,24
115,-0.8315346240997314,11
139,-0.9817772507667542,41
105,-0.999064028263092,31
63,-0.8175511360168457,11
145,-0.8541582822799683,14
36,-0.9575234055519104,21
520,-0.995357096195221,20
64,-0.9817173480987548,37
17,-0.9923201203346252,42
347,-0.6238661408424377,47
20,-0.9070360064506532,56
150,-0.912151038646698,29
28,-0.9988502264022828,7
20,-0.9977611303329468,19
180,-0.5303913354873657,53
18,-0.952403485774994,59
114,-0.9958162903785706,16
226,-0.9855637550354004,10
75,-0.973770797252655,16
319,-0.9972735047340392,13
61,-0.959821879863739,23
64,-0.6501317620277405,16
63,-0.9954349398612976,10
27,-0.9978480339050292,46
65,-0.9895440340042114,48
15,-0.998297154903412,23
153,-0.6962401866912842,20
100,-0.6545735001564026,6
63,-0.9576358795166016,12
153,-0.99739408493042,29
64,-0.9207324385643004,62
210,-0.9763529896736144,22
43,-0.9990420937538148,39
28,-0.9982364177703856,64
18,-0.8790221810340881,16
111,-0.9986151456832886,17
203,-0.9988190531730652,27
55,-0.9701170325279236,32
38,-0.998462438583374,22
201,-0.9218096733093262,18
77,-0.9975027441978456,16
8,-0.9972857236862184,19
84,-0.7221155166625977,23
58,-0.9935321807861328,52
36,-0.9976179003715516,23
249,-0.8887819051742554,14
118,-0.9970901012420654,20
92,-0.9474682211875916,24
43,-0.9768329858779908,18
7,-0.9889857769012452,47
132,-0.771979033946991,42
75,-0.9986793398857116,10
34,-0.9861239194869996,35
28,-0.9965420365333556,14
61,-0.9976670742034912,56
159,-0.9976094961166382,40
58,-0.9972842931747437,52
12,-0.9990124702453612,15
59,-0.9766239523887634,13
242,-0.9989859461784364,26
50,-0.9985213875770568,38
26,-0.9948739409446716,25
13,-0.9753651022911072,51
195,-0.8388620018959045,12
59,-0.9888160228729248,17
102,-0.5696294903755188,20
64,-0.842254638671875,67
152,-0.9183705449104308,24
51,-0.962636172771454,22
41,-0.9932165741920472,38
56,-0.7424836754798889,38
232,-0.5838810205459595,21
67,-0.9919684529304504,27
247,-0.93828547000885,16
58,-0.9973589777946472,25
28,-0.6128751039505005,50
120,-0.9298453330993652,11
87,-0.8072848916053772,5
314,-0.8906015157699585,22
184,-0.9984754920005798,16
114,-0.9934305548667908,14
48,-0.9140307903289796,17
21,-0.9609580039978028,28
39,-0.7912588119506836,31
125,-0.6040535569190979,8
109,-0.9580870866775512,46
103,-0.9757630825042723,2
24,-0.6212857961654663,31
241,-0.9979009628295898,21
33,-0.9979680180549622,19
272,-0.71829754114151,14
381,-0.9673891663551332,14
39,-0.9372498989105223,23
178,-0.9957855343818665,18
22,-0.9856564998626708,15
19,-0.9621739983558656,13
248,-0.9697374105453492,18
23,-0.995381474494934,21
238,-0.9421090483665466,17
87,-0.9992013573646544,18
25,-0.9980792999267578,49
172,-0.9974849224090576,23
134,-0.881644606590271,27
64,-0.9980812072753906,58
57,-0.9989556074142456,46
344,-0.7870000004768372,21
31,-0.9669710397720336,43
37,-0.9915795326232909,28
132,-0.9939206838607788,58
125,-0.5129598379135132,30
94,-0.9936554431915284,40
81,-0.955900490283966,11
46,-0.7860368490219116,57
104,-0.7443690299987793,14
209,-0.9969035983085632,42
92,-0.9986767172813416,18
73,-0.997162401676178,18
58,-0.9918503165245056,38
273,-0.995376706123352,22
141,-0.5411686897277832,81
72,-0.9986224174499512,26
124,-0.9989091157913208,44
76,-0.8322519659996033,40
34,-0.5717986822128296,32
24,-0.9979015588760376,10
17,-0.9962272644042968,17
13,-0.9631955623626708,28
59,-0.6652126312255859,12
125,-0.9935868978500366,10
109,-0.9968036413192748,8
50,-0.9980850219726562,14
206,-0.6106427907943726,9
108,-0.9717015624046326,63
147,-0.9952951073646544,11
75,-0.9019677639007568,10
197,-0.7520098090171814,14
58,-0.9950703382492064,16
26,-0.9957126379013062,15
73,-0.9942954182624816,24
203,-0.9980214834213256,16
64,-0.9721965789794922,14
40,-0.9948220252990724,37
79,-0.9441773891448976,20
85,-0.9892911314964294,16
68,-0.5334133505821228,23
46,-0.8838658332824707,11
32,-0.9982981085777284,27
167,-0.99794739484787,48
97,-0.9327251315116882,12
57,-0.965008020401001,36
101,-0.9975947737693788,8
67,-0.9981976151466371,25
66,-0.986842930316925,30
58,-0.9741690754890442,48
42,-0.9971491694450378,22
318,-0.996783971786499,31
39,-0.7123969793319702,16
116,-0.9970248341560364,4
46,-0.9988634586334229,19
45,-0.9978199005126952,54
256,-0.9988420605659484,28
58,-0.9984317421913148,47
56,-0.9992401599884032,20
28,-0.9901294112205504,14
141,-0.987118124961853,9
111,-0.9991220831871032,33
47,-0.9991304278373718,11
352,-0.9934446811676024,13
22,-0.9641399979591371,16
87,-0.8130961656570435,24
21,-0.9989977478981018,6
13,-0.998440444469452,39
44,-0.7789006233215332,60
76,-0.9979698061943054,12
22,-0.9976406097412108,8
153,-0.960552215576172,23
31,-0.9991087317466736,43
69,-0.9968149065971376,33
27,-0.9950833320617676,22
170,-0.9990573525428772,38
62,-0.999154806137085,34
31,-0.9417626857757568,82
77,-0.9959338307380676,13
104,-0.6305453777313232,18
53,-0.9272028207778932,9
194,-0.8047260046005249,41
40,-0.9973479509353638,39
6,-0.9408352971076964,21
64,-0.998635470867157,25
212,-0.6240540742874146,30
133,-0.5355468392372131,18
264,-0.8011852502822876,17
40,-0.9919543862342834,18
20,-0.9536438584327698,23
243,-0.984919548034668,24
97,-0.9987760186195374,11
58,-0.9940916895866394,38
161,-0.9491549730300904,10
83,-0.9871838092803956,13
3,-0.9963544607162476,15
3,-0.9982176423072816,9
294,-0.998859167098999,68
64,-0.9974406957626344,10
33,-0.9987776875495912,13
297,-0.9920337796211244,16
56,-0.9752960205078124,21
80,-0.7762168645858765,18
16,-0.9791393280029296,17
44,-0.9015781879425048,37
163,-0.9953622221946716,16
24,-0.9735115766525269,17
21,-0.9985163807868958,26
31,-0.998779594898224,24
14,-0.9990682005882264,76
13,-0.9982271790504456,42
165,-0.9977689981460572,43
89,-0.99733966588974,27
71,-0.819476842880249,45
122,-0.5901561975479126,23
19,-0.9950891137123108,26
15,-0.9808061122894288,19
5,-0.998621702194214,9
143,-0.9726274013519288,20
32,-0.9976678490638732,50
220,-0.8726097941398621,20
25,-0.8092676401138306,16
51,-0.9984574317932128,35
25,-0.997018814086914,12
9,-0.9986209869384766,18
159,-0.8175550699234009,29
199,-0.9975966811180116,32
30,-0.9992000460624696,44
171,-0.995202660560608,31
67,-0.9983075857162476,21
26,-0.5986468195915222,80
111,-0.9989509582519532,9
93,-0.8099554181098938,18
35,-0.9909135103225708,53
33,-0.6909586191177368,30
25,-0.9990432858467102,8
87,-0.6908147931098938,23
254,-0.9988598823547364,29
53,-0.9980921149253844,40
52,-0.9961283206939696,18
189,-0.8297290802001953,54
47,-0.9980956912040709,26
22,-0.99834406375885,27
208,-0.8049384355545044,9
57,-0.9955845475196838,13
112,-0.5231961011886597,35
49,-0.9978942275047302,23
32,-0.8615450859069824,31
27,-0.946400821208954,12
22,-0.9988862872123718,6
187,-0.995392918586731,13
34,-0.996138870716095,12
26,-0.6855947375297546,17
69,-0.9981039762496948,17
40,-0.966894030570984,8
96,-0.9757013320922852,28
91,-0.997498333454132,40
230,-0.7824909090995789,11
44,-0.9983404874801636,7
23,-0.9991019964218141,26
140,-0.9918842315673828,21
34,-0.984139323234558,17
98,-0.8079630732536316,22
144,-0.993515968322754,27
36,-0.7045918703079224,32
87,-0.9980621933937072,21
37,-0.9126504063606262,30
71,-0.998764157295227,7
124,-0.9794536232948304,18
58,-0.952986478805542,24
133,-0.9649899005889891,10
72,-0.916092038154602,10
187,-0.968510925769806,17
44,-0.9980493783950806,20
19,-0.9890312552452089,19
150,-0.6475687623023987,18
83,-0.9768983125686646,12
42,-0.9900287985801696,19
235,-0.5943735837936401,21
38,-0.786030113697052,32
36,-0.6451404690742493,12
52,-0.9902287721633912,17
28,-0.950691819190979,74
9,-0.9967357516288756,27
126,-0.9990407824516296,13
97,-0.9973479509353638,41
84,-0.9984357953071594,17
41,-0.9738406538963318,31
31,-0.9897435307502748,58
39,-0.7128019332885742,31
83,-0.9899727106094359,32
44,-0.9988893866539,10
66,-0.9686766266822816,13
190,-0.7814695239067078,33
35,-0.9804189801216124,72
229,-0.9870997071266174,15
23,-0.997399926185608,89
50,-0.7693762183189392,31
21,-0.9946112632751464,14
11,-0.986705482006073,28
93,-0.8268719911575317,63
189,-0.9960815310478209,9
25,-0.8577399253845215,8
22,-0.9989593029022216,22
144,-0.9809017777442932,25
43,-0.9987837672233582,52
21,-0.9776662588119508,40
137,-0.9966992735862732,11
61,-0.9980584979057312,17
55,-0.9660748839378356,6
174,-0.9716808199882508,24
87,-0.6107033491134644,22
33,-0.7901629209518433,21
27,-0.9784488677978516,27
265,-0.9756613969802856,21
21,-0.9735642075538636,20
364,-0.99741792678833,25
96,-0.9955025315284728,50
45,-0.9898193478584291,19
37,-0.9764119386672974,35
57,-0.8365771174430847,14
85,-0.9499263763427734,31
79,-0.9747542142868042,18
43,-0.997335970401764,8
235,-0.9989927411079408,22
57,-0.9972846508026124,24
149,-0.995081901550293,16
100,-0.9554309248924256,17
81,-0.9532898068428041,57
125,-0.8621057868003845,30
96,-0.9764383435249328,4
44,-0.9987437129020692,18
32,-0.5085504055023193,12
55,-0.6375184655189514,47
16,-0.581328272819519,4
132,-0.9861739873886108,18
66,-0.9944932460784912,21
198,-0.993221640586853,22
65,-0.9947093725204468,5
17,-0.9987331032752992,17
112,-0.942445993423462,13
55,-0.9989041090011596,18
38,-0.9985902905464172,13
203,-0.8814725279808044,54
70,-0.9289712905883788,17
53,-0.9863285422325134,14
201,-0.9985420703887941,24
53,-0.9990806579589844,78
36,-0.9992867112159728,58
73,-0.9926443099975586,43
138,-0.9301706552505492,26
49,-0.6301091909408569,22
146,-0.9819340705871582,30
244,-0.98810076713562,45
110,-0.9944992065429688,33
94,-0.9047313928604126,27
79,-0.9944323897361756,9
215,-0.9583810567855836,27
80,-0.9816498160362244,32
36,-0.9937499165534972,11
106,-0.9328306317329408,35
195,-0.9974735379219056,27
74,-0.999007284641266,14
55,-0.998988687992096,27
61,-0.97273051738739,12
52,-0.995375394821167,10
24,-0.9921356439590454,14
273,-0.9250325560569764,7
40,-0.7593172788619995,24
28,-0.8903340101242065,4
155,-0.9989927411079408,20
145,-0.9985464215278624,32
135,-0.9938989877700806,27
59,-0.9984139204025269,16
7,-0.9991766810417176,10
5,-0.9991241097450256,11
151,-0.9975791573524476,10
44,-0.9984525442123412,9
30,-0.5443930625915527,14
183,-0.9968211650848388,23
56,-0.9991952776908876,14
226,-0.9990013241767884,27
94,-0.9945918917655944,12
36,-0.9464614391326904,32
33,-0.6900092959403992,11
380,-0.6971505284309387,24
64,-0.9875251054763794,37
194,-0.9666578769683838,26
37,-0.5234319567680359,42
142,-0.9962047934532166,14
44,-0.9981676340103148,11
225,-0.9974786639213562,17
44,-0.9987483024597168,22
38,-0.9234949350357056,13
34,-0.9779690504074096,20
24,-0.998864769935608,78
109,-0.9980620741844176,18
29,-0.9740810990333556,30
155,-0.998626947402954,38
190,-0.6617412567138672,41
63,-0.5340208411216736,15
137,-0.99865061044693,26
167,-0.9924269914627076,22
17,-0.9712980389595032,48
68,-0.9989621639251708,13
30,-0.9990913867950441,24
10,-0.9910674691200256,37
71,-0.9990274906158448,12
12,-0.9969442486763,10
148,-0.8863718509674072,21
78,-0.9851393103599548,18
174,-0.993340790271759,24
39,-0.8291373252868652,18
141,-0.9836793541908264,22
56,-0.994416117668152,49
240,-0.7729064226150513,13
65,-0.9990108013153076,14
9,-0.9944342970848083,15
246,-0.833055317401886,51
40,-0.9984480142593384,15
40,-0.9460350275039672,43
123,-0.9930205941200256,67
53,-0.99877268075943,12
156,-0.8847266435623169,24
178,-0.9862891435623168,31
57,-0.998915672302246,19
31,-0.9987761378288268,44
294,-0.822073221206665,22
221,-0.9432214498519896,58
35,-0.9986727237701416,65
95,-0.9944686889648438,44
15,-0.9986629486083984,15
54,-0.9989927411079408,46
40,-0.9955322742462158,62
212,-0.9968648552894592,28
60,-0.9985116124153136,19
14,-0.9987874627113342,22
38,-0.9988325238227844,17
50,-0.9992541670799256,80
38,-0.9989314675331116,11
20,-0.6750998497009277,5
185,-0.542915940284729,28
83,-0.5411686897277832,81
25,-0.8828814625740051,31
168,-0.8505167961120605,22
48,-0.9905333518981934,13
187,-0.5227999687194824,13
91,-0.9899793863296508,69
65,-0.9989303946495056,90
312,-0.9975491166114808,14
59,-0.9515083432197572,47
57,-0.9343164563179016,22
44,-0.9742535948753356,26
212,-0.8533713817596436,57
206,-0.8909793496131897,12
273,-0.975534200668335,25
60,-0.7985778450965881,74
293,-0.7876957058906555,10
69,-0.7664236426353455,19
160,-0.8825156092643738,6
57,-0.9948331117630004,15
40,-0.5378473997116089,37
305,-0.9932154417037964,29
61,-0.9966688752174376,30
22,-0.9722423553466796,57
184,-0.9992108345031738,29
44,-0.9841132760047911,35
76,-0.6918190717697144,79
34,-0.9962886571884156,18
111,-0.9947288632392884,11
213,-0.9174655079841614,10
90,-0.90348619222641,10
53,-0.995177149772644,24
39,-0.6602962017059326,32
168,-0.9830474257469176,31
29,-0.995743691921234,4
57,-0.9968131184577942,18
62,-0.9939705133438109,9
253,-0.8034251928329468,15
60,-0.9756436944007874,39
55,-0.9829497337341307,9
14,-0.9910035133361816,54
117,-0.8244521617889404,17
69,-0.9437220096588136,46
318,-0.9893640279769896,12
81,-0.9985213875770568,17
162,-0.9855682253837584,15
67,-0.9233751893043518,15
104,-0.9969319105148317,19
36,-0.9968193769454956,45
171,-0.9695385098457336,30
116,-0.980197548866272,79
69,-0.6685187816619873,77
137,-0.9932763576507568,30
113,-0.9992109537124634,31
78,-0.7169967889785767,30
101,-0.9908317923545836,14
77,-0.9300201535224916,12
74,-0.9973155856132508,8
206,-0.998274564743042,49
44,-0.9983546137809752,11
78,-0.9982832670211792,36
267,-0.7354310750961304,16
48,-0.8983962535858154,35
155,-0.981261670589447,26
23,-0.9811378717422484,13
129,-0.9250686764717102,17
66,-0.9553594589233398,33
13,-0.8177127838134766,29
225,-0.9954559803009032,17
66,-0.9982523322105408,12
17,-0.9961115717887878,8
119,-0.9953911304473876,10
40,-0.9606127142906188,26
71,-0.9072408080101012,31
114,-0.799851655960083,8
21,-0.9971900582313538,11
135,-0.998737633228302,41
255,-0.9910667538642884,3
139,-0.9981777667999268,61
41,-0.9988386034965516,14
54,-0.8467229604721069,30
9,-0.9942926168441772,4
144,-0.9798966646194458,19
115,-0.9992017149925232,6
147,-0.8756619095802307,16
227,-0.982426643371582,32
44,-0.9895641803741456,73
28,-0.9274908304214478,17
210,-0.9906750321388244,12
35,-0.9916313290596008,34
139,-0.9958403706550598,38
41,-0.6350697875022888,34
124,-0.873580813407898,29
53,-0.9834160804748536,46
202,-0.9975544810295104,17
67,-0.9104804396629332,36
345,-0.9970325231552124,20
33,-0.6620463728904724,21
28,-0.9839787483215332,22
149,-0.9967679977416992,23
53,-0.7801325917243958,37
53,-0.938246726989746,19
23,-0.9987137317657472,8
36,-0.9988890290260316,21
52,-0.9922696352005004,29
23,-0.8836116790771484,4
81,-0.9983798265457152,33
95,-0.9940574169158936,17
33,-0.9990442395210266,39
82,-0.9928570985794068,14
60,-0.9251593947410583,13
40,-0.9986854195594788,17
109,-0.9893369674682616,30
87,-0.9950215816497804,15
40,-0.974177360534668,90
181,-0.9988641738891602,13
86,-0.9907167553901672,13
24,-0.9975647926330566,32
202,-0.6922343969345093,32
59,-0.996682345867157,14
42,-0.922275960445404,36
24,-0.5195507407188416,18
17,-0.9829607009887696,20
197,-0.7591454386711121,13
35,-0.9794424176216124,42
60,-0.7450386881828308,28
66,-0.7820793390274048,16
40,-0.5733675360679626,14
237,-0.6654322743415833,11
32,-0.9902777075767516,24
28,-0.8831127882003784,57
258,-0.9988092184066772,11
65,-0.7317708730697632,68
154,-0.9984793066978456,26
75,-0.9413116574287416,9
40,-0.9972035884857178,14
55,-0.9920741319656372,55
18,-0.5071731209754944,45
84,-0.99710351228714,36
53,-0.9989879727363586,15
42,-0.9989086389541626,13
48,-0.9986131191253662,16
124,-0.8481805920600891,18
186,-0.9946428537368774,33
57,-0.9982703924179076,9
32,-0.9929198622703552,24
14,-0.9967302083969116,26
98,-0.98733252286911,7
24,-0.9976047277450562,26
96,-0.6124615669250488,19
106,-0.9976078271865844,9
195,-0.9849581718444824,14
47,-0.986995279788971,16
28,-0.9955356121063232,51
20,-0.9894513487815856,21
16,-0.5321506261825562,91
52,-0.9883748292922974,15
70,-0.9837768077850342,25
65,-0.97125643491745,34
70,-0.9927423000335692,23
58,-0.7427523136138916,24
33,-0.6260009407997131,19
28,-0.9903358221054076,22
191,-0.9586803913116456,12
55,-0.8925057649612427,21
37,-0.8338086009025574,39
277,-0.9991416931152344,22
52,-0.938353717327118,46
385,-0.9985820055007936,16
39,-0.9497328996658324,82
148,-0.7242525219917297,29
33,-0.9883242845535278,22
191,-0.9142197370529176,16
28,-0.5308387875556946,50
187,-0.994101345539093,45
99,-0.9848023056983948,30
205,-0.8970674872398376,23
173,-0.99722158908844,24
38,-0.99425607919693,20
178,-0.9921624064445496,18
61,-0.9135360717773438,18
44,-0.9977664947509766,37
37,-0.99917870759964,75
288,-0.8518911600112915,12
38,-0.9956841468811036,9
27,-0.997873067855835,8
191,-0.7772907614707947,15
82,-0.9902003407478333,60
41,-0.6631243824958801,15
192,-0.9273910522460938,17
76,-0.9983993172645568,18
46,-0.9940687417984008,13
183,-0.9990478157997132,19
50,-0.9982790946960448,30
47,-0.9989537000656128,24
213,-0.9936504960060121,7
172,-0.9966185092926024,21
100,-0.9991624355316162,10
65,-0.9935345649719238,32
169,-0.9678952693939208,22
94,-0.9951428174972534,22
80,-0.9929153919219972,25
81,-0.9985094666481018,34
18,-0.9848907589912416,23
153,-0.9978427886962892,16
81,-0.9987394213676452,31
58,-0.8807274103164673,52
305,-0.9966937303543092,25
108,-0.9990321397781372,18
45,-0.9984286427497864,22
7,-0.9988633394241332,13
4,-0.9974961876869202,28
167,-0.9992877840995787,17
302,-0.9983703494071959,14
65,-0.9991573095321656,22
16,-0.9925474524497986,17
130,-0.932326316833496,33
91,-0.9354533553123474,25
43,-0.9694650769233704,28
685,-0.9899867177009584,51
53,-0.9605217576026917,19
63,-0.992644429206848,28
24,-0.9291558861732484,91
213,-0.8922043442726135,19
92,-0.9990155696868896,14
171,-0.9992526173591614,10
69,-0.9965039491653442,10
41,-0.9945936799049376,14
35,-0.9978560805320741,17
30,-0.736838698387146,20
254,-0.9990173578262328,18
112,-0.999272644519806,68
19,-0.9990228414535522,78
164,-0.9894794821739196,36
63,-0.9976391792297364,22
43,-0.999247670173645,8
236,-0.9943552017211914,26
59,-0.9983537197113036,33
160,-0.9957975149154664,14
125,-0.9913792610168456,13
327,-0.9983065128326416,29
31,-0.9974619150161744,57
77,-0.9983491897583008,14
56,-0.9988609552383424,17
18,-0.9985275268554688,34
12,-0.9971103668212892,18
8,-0.9991368651390076,48
171,-0.9992558360099792,19
37,-0.9989037513732909,10
14,-0.9347743391990662,39
146,-0.7591834068298341,18
187,-0.9985697269439696,31
47,-0.9970920085906982,11
54,-0.9979648590087892,59
165,-0.7212433815002441,20
27,-0.9988547563552856,25
248,-0.8837658166885376,14
110,-0.9935653805732728,31
16,-0.92631196975708,47
32,-0.9951045513153076,21
10,-0.9426462650299072,44
5,-0.9927093982696532,17
79,-0.990012526512146,15
53,-0.9986578226089478,30
274,-0.998829424381256,15
139,-0.9989182949066162,26
71,-0.9991984963417052,12
49,-0.9981314539909364,75
291,-0.9962452054023744,20
27,-0.9988402724266052,51
24,-0.9611912369728088,47
102,-0.9971189498901368,12
66,-0.9976735711097716,66
128,-0.9964004755020142,18
170,-0.947018265724182,21
31,-0.9976673126220704,33
27,-0.9969249367713928,41
55,-0.7926612496376038,64
133,-0.999072790145874,45
99,-0.99887353181839,18
66,-0.9991158843040466,20
52,-0.9990099668502808,25
221,-0.9300405979156494,67
65,-0.9990196228027344,41
27,-0.9983402490615844,11
48,-0.9912534356117249,10
19,-0.9696953892707824,47
18,-0.9983813762664796,35
77,-0.5505192875862122,35
6,-0.9613619446754456,26
64,-0.996557116508484,19
70,-0.9977830052375792,31
80,-0.99898761510849,9
35,-0.849529504776001,18
175,-0.998579740524292,21
78,-0.998714804649353,34
47,-0.9662273526191713,6
209,-0.9913086891174316,17
22,-0.9969162940979004,10
12,-0.9988303780555724,22
440,-0.9987661838531494,25
23,-0.998504400253296,40
107,-0.9980469942092896,36
52,-0.9983078241348268,21
135,-0.9958731532096864,39
31,-0.998076558113098,12
63,-0.6812894344329834,17
22,-0.7995293736457825,75
195,-0.9733278751373292,19
48,-0.9153544306755066,14
191,-0.9955150485038756,13
61,-0.9698535799980164,19
28,-0.9988263249397278,24
31,-0.7456616163253784,16
37,-0.8767461180686951,11
28,-0.7880012989044191,13
290,-0.9395645260810852,37
84,-0.9331089854240416,29
67,-0.9987874627113342,10
49,-0.6891422867774963,17
181,-0.9971457123756408,14
83,-0.9989997744560242,14
77,-0.8241427540779114,16
174,-0.9986635446548462,28
131,-0.9656304121017456,34
167,-0.9956383109092712,23
40,-0.7964788675308228,84
45,-0.8236158490180969,12
214,-0.9795213341712952,21
135,-0.9966320395469666,13
95,-0.9458529353141784,11
214,-0.973909080028534,72
129,-0.8607395887374878,45
35,-0.7905784249305725,48
68,-0.9990236759185792,28
42,-0.995987832546234,20
150,-0.9900182485580444,21
40,-0.7545801401138306,22
310,-0.9939967393875122,36
23,-0.976531744003296,19
10,-0.9952628612518309,18
112,-0.9937793612480164,8
38,-0.9985389709472656,46
56,-0.9850497841835022,19
70,-0.9948786497116088,18
257,-0.9633643627166748,23
201,-0.9350754022598268,33
91,-0.9989776611328124,15
46,-0.9982101917266846,14
38,-0.9978876709938048,15
61,-0.8153090476989746,28
285,-0.9876604080200196,30
359,-0.9352927803993224,20
65,-0.9989246726036072,44
136,-0.9911541938781738,41
101,-0.8161662220954895,9
15,-0.9990342855453492,13
13,-0.8648807406425476,12
64,-0.9811221361160278,17
26,-0.9964123368263244,21
162,-0.5203980803489685,32
72,-0.9574929475784302,35
25,-0.9990384578704834,13
347,-0.9953861832618712,15
161,-0.9486593008041382,22
101,-0.9619756937026978,16
66,-0.7915468811988831,33
212,-0.9802750945091248,63
21,-0.9974763989448548,47
38,-0.9626955986022948,25
16,-0.976807415485382,34
45,-0.9985199570655824,15
14,-0.9749189019203186,40
8,-0.998915433883667,13
132,-0.9978766441345216,32
95,-0.998702883720398,12
70,-0.8773508071899414,14
6,-0.9870039820671082,15
2,-0.9559539556503296,16
44,-0.8080940246582031,39
178,-0.9116785526275636,10
127,-0.9985880255699158,26
105,-0.9935844540596008,52
17,-0.9252065420150756,21
17,-0.9979041814804076,19
65,-0.7606856822967529,16
221,-0.9893510937690736,39
50,-0.9607291221618652,22
28,-0.9966123700141908,18
267,-0.7935751676559448,21
41,-0.9973114728927612,26
169,-0.9753399491310121,37
62,-0.9949817061424256,48
208,-0.9959664344787598,33
199,-0.9934866428375244,16
283,-0.9805041551589966,23
42,-0.9925600290298462,7
120,-0.5630214214324951,63
100,-0.9970799088478088,28
51,-0.8970503211021423,62
132,-0.9134600758552552,26
107,-0.9987187385559082,32
60,-0.9992942810058594,80
76,-0.5010696649551392,72
210,-0.9985904097557068,15
33,-0.7086112499237059,41
58,-0.6797239780426025,15
211,-0.9160109758377076,20
44,-0.939760446548462,25
213,-0.962906002998352,15
92,-0.9740760922431946,40
33,-0.7610341310501099,83
200,-0.9306393265724182,12
51,-0.9947033524513244,30
135,-0.9949592351913452,21
262,-0.9891290068626404,14
96,-0.9987928867340088,16
54,-0.9961865544319152,34
156,-0.992919385433197,26
91,-0.9946670532226562,47
227,-0.9958336353302002,36
56,-0.9960099458694458,18
205,-0.9955026507377625,31
84,-0.9988825917243958,14
46,-0.9969568252563475,39
388,-0.9982252717018129,9
69,-0.987001657485962,43
281,-0.9990413784980774,28
52,-0.8915123343467712,24
140,-0.9920207858085632,27
124,-0.9985256791114808,43
39,-0.9976330995559692,21
216,-0.996720254421234,18
54,-0.9974212646484376,10
146,-0.9964730143547058,18
64,-0.9942626357078552,24
219,-0.9832531809806824,20
82,-0.9977771639823914,17
27,-0.9960796236991882,46
229,-0.9930543303489684,29
47,-0.7522372007369995,65
142,-0.9956504702568054,23
93,-0.9661049246788024,41
48,-0.8516319394111633,13
201,-0.8486739993095398,12
165,-0.9986238479614258,19
22,-0.990566909313202,19
119,-0.7728006839752197,17
42,-0.95829576253891,35
224,-0.8265922665596008,18
111,-0.9988794922828674,17
52,-0.9971428513526917,9
241,-0.9559729099273682,18
23,-0.994354486465454,30
235,-0.9974203109741212,24
69,-0.9955446124076844,21
62,-0.9947561025619508,29
233,-0.9686565995216371,23
67,-0.9888954162597656,19
37,-0.997248351573944,19
156,-0.9986047148704528,17
26,-0.9974759221076964,11
21,-0.999250829219818,32
104,-0.5359715223312378,23
64,-0.9981942772865297,21
154,-0.9947856068611144,29
54,-0.997669517993927,14
43,-0.9941208958625792,31
46,-0.9984363913536072,28
20,-0.7900273203849792,42
11,-0.9982497096061708,8
86,-0.9958608746528624,22
27,-0.9689413905143738,22
35,-0.9971637129783629,34
165,-0.8410497307777405,21
75,-0.95911306142807,17
158,-0.9987900853157043,12
87,-0.9961800575256348,15
215,-0.9982349872589112,27
102,-0.9905354380607604,23
63,-0.5536460280418396,27
80,-0.9400169849395752,16
40,-0.8981594443321228,21
17,-0.7801293730735779,23
56,-0.9792313575744628,69
175,-0.9590889215469359,38
122,-0.7858097553253174,46
111,-0.9954858422279358,22
102,-0.9929376244544984,21
20,-0.8253661990165709,11
244,-0.9991952776908876,20
43,-0.8596330881118774,24
34,-0.97169029712677,11
193,-0.9982671737670898,33
62,-0.6262158155441284,30
68,-0.986683189868927,10
48,-0.9990122318267822,11
6,-0.969942271709442,11
208,-0.5236420035362244,9
42,-0.9419268965721129,17
71,-0.8939723968505859,19
65,-0.9991188645362854,82
31,-0.9967851638793944,42
186,-0.9990358352661132,10
184,-0.9853385686874391,14
128,-0.6434319615364075,37
86,-0.9829688668251038,16
83,-0.9949548840522766,24
62,-0.9577794671058656,14
7,-0.7719020843505859,10
115,-0.9632431268692015,8
158,-0.9805861711502076,15
51,-0.9983152151107788,15
60,-0.9962843060493468,25
83,-0.9929119944572448,10
52,-0.9990060925483704,63
28,-0.9925101995468141,27
11,-0.9949896931648254,17
22,-0.9849570393562316,39
35,-0.9546756744384766,16
282,-0.9954625964164734,51
57,-0.9813063740730286,62
45,-0.994355857372284,20
142,-0.9635884761810304,17
52,-0.9619626998901368,41
97,-0.5100390911102295,20
18,-0.969180941581726,14
143,-0.9944022297859192,20
216,-0.707290530204773,11
13,-0.9755001664161682,35
74,-0.9960358738899232,10
13,-0.994518220424652,25
131,-0.9991564750671388,23
30,-0.8954975008964539,20
147,-0.9986363053321838,14
235,-0.9818597435951232,23
119,-0.8477415442466736,7
55,-0.9778044819831848,8
40,-0.9907602071762084,10
309,-0.9976685643196106,25
60,-0.99871563911438,19
14,-0.9990189075469972,20
43,-0.6191516518592834,35
26,-0.9990946054458618,42
207,-0.99628084897995,10
123,-0.9968807697296144,9
39,-0.9882739782333374,21
158,-0.7939071059226991,11
169,-0.9956536293029784,13
68,-0.9869183897972108,19
64,-0.9958003163337708,19
122,-0.9929280877113342,16
59,-0.5082133412361145,13
40,-0.801258385181427,16
97,-0.5320175886154175,29
29,-0.9586267471313475,84
25,-0.9481783509254456,8
22,-0.6998928189277649,8
25,-0.9899811148643494,17
137,-0.9978070855140686,14
34,-0.8238255977630615,10
140,-0.9986706972122192,18
91,-0.9959140419960022,14
143,-0.9991567134857178,39
52,-0.9935898780822754,16
26,-0.9411919116973876,29
61,-0.9668198823928832,26
140,-0.9980712532997132,23
55,-0.9838738441467284,26
168,-0.973755180835724,29
42,-0.7607041597366333,14
542,-0.8052577376365662,17
43,-0.99745911359787,45
313,-0.9896684885025024,9
59,-0.9932637214660645,16
221,-0.9965628981590272,19
53,-0.985313594341278,19
23,-0.9981971383094788,31
170,-0.9946343898773192,21
29,-0.9962528944015504,11
17,-0.998426914215088,17
13,-0.7388328313827515,26
16,-0.8999323844909668,15
125,-0.851963222026825,27
54,-0.9885051846504213,30
48,-0.8814468383789062,12
227,-0.6323208212852478,16
112,-0.977425217628479,20
44,-0.9483477473258972,20
165,-0.9868096113204956,8
60,-0.9888193011283876,28
16,-0.9980633854866028,6
162,-0.987365186214447,45
166,-0.9631856083869934,21
121,-0.9612064361572266,30
62,-0.9986701011657716,25
39,-0.687725841999054,30
99,-0.5002639293670654,17
48,-0.9939777851104736,16
203,-0.9169456958770752,27
43,-0.7325469851493835,22
64,-0.9899243712425232,24
193,-0.9985023736953736,29
97,-0.924507975578308,20
43,-0.9708261489868164,41
75,-0.9986282587051392,16
248,-0.9872800707817078,48
136,-0.5621220469474792,19
133,-0.9969083666801452,59
28,-0.9925717711448668,22
120,-0.9891571998596193,39
51,-0.9969570636749268,15
135,-0.998852014541626,37
85,-0.9973926544189452,15
82,-0.941431999206543,9
172,-0.9984915256500244,27
331,-0.8149409890174866,53
34,-0.9979047775268556,38
144,-0.9848428964614868,14
26,-0.8150017857551575,63
168,-0.994256317615509,63
19,-0.6354045271873474,14
50,-0.7972521185874939,27
7,-0.9561442136764526,14
35,-0.5066542029380798,19
242,-0.9463973641395568,33
71,-0.9909634590148926,39
50,-0.9989659786224364,19
31,-0.9985337257385254,21
189,-0.9661651253700256,21
30,-0.7849733829498291,26
63,-0.9926139116287231,21
29,-0.9313098788261414,11
244,-0.8481298685073853,5
45,-0.9984455704689026,52
39,-0.995630979537964,26
186,-0.9988412261009216,27
24,-0.6748694181442261,37
330,-0.9990189075469972,36
90,-0.9964284300804138,68
13,-0.9981597065925598,41
8,-0.9869138598442078,23
22,-0.974969208240509,51
59,-0.8048925399780273,19
198,-0.9961102604866028,29
47,-0.8291294574737549,25
133,-0.9745450615882874,9
39,-0.9990608096122742,36
44,-0.9820183515548706,35
53,-0.9621610641479492,26
204,-0.9707463979721068,19
132,-0.9977464079856871,20
57,-0.8042404055595398,25
38,-0.9990822076797484,41
130,-0.9469690322875975,13
202,-0.9965391159057616,13
73,-0.9989134073257446,13
21,-0.942633330821991,17
280,-0.9193298220634459,22
36,-0.9775340557098388,30
25,-0.8578948974609375,37
48,-0.9988163709640504,55
33,-0.9618930816650392,35
127,-0.9921737909317015,20
124,-0.994532346725464,19
119,-0.932402491569519,19
35,-0.9928869605064392,14
81,-0.9926432967185974,14
99,-0.915380597114563,21
58,-0.999093770980835,18
246,-0.9920212626457214,49
26,-0.9916730523109436,60
177,-0.9991480112075806,11
121,-0.9987781643867492,48
69,-0.9967758059501648,25
201,-0.8676040172576904,24
60,-0.9971731901168824,30
32,-0.9978598952293396,10
205,-0.9898082613945008,31
80,-0.9990912675857544,23
42,-0.8656234741210938,33
30,-0.7392820119857788,23
83,-0.5659224390983582,16
27,-0.9815985560417176,22
258,-0.5612536668777466,39
274,-0.6913336515426636,14
98,-0.8417243361473083,19
203,-0.9250464439392091,59
80,-0.9982391595840454,9
60,-0.9508095979690552,14
157,-0.9990063309669496,9
94,-0.999032735824585,29
75,-0.6789261698722839,13
46,-0.9805512428283693,21
242,-0.9962952733039856,13
31,-0.9901409745216371,60
137,-0.6555790305137634,22
29,-0.9528818726539612,29
172,-0.9987541437149048,7
130,-0.9985867738723756,26
113,-0.5156168341636658,84
73,-0.993285834789276,28
34,-0.9991301894187928,36
48,-0.9977760910987854,27
20,-0.8396177887916565,48
68,-0.8290316462516785,8
29,-0.5504989624023438,9
206,-0.9773185849189758,25
52,-0.9851220846176147,18
147,-0.9474899768829346,13
144,-0.7976374626159668,11
34,-0.609345018863678,28
154,-0.9986869692802428,21
21,-0.9989797472953796,7
208,-0.8623939752578735,11
65,-0.9927459359169006,36
42,-0.9822348952293396,23
111,-0.9953553676605223,21
50,-0.9983249306678772,31
61,-0.999091863632202,49
217,-0.9944218993186952,7
61,-0.9954023361206056,9
15,-0.9248892664909364,16
155,-0.934504210948944,12
34,-0.996973752975464,16
46,-0.9935730099678041,19
28,-0.969054400920868,9
10,-0.9975709319114684,16
199,-0.9012828469276428,35
44,-0.9986213445663452,30
35,-0.957500696182251,40
16,-0.9982841610908508,14
59,-0.9963162541389464,19
40,-0.998735010623932,9
93,-0.9764817357063292,35
33,-0.9991981387138368,7
48,-0.7182924151420593,72
230,-0.8974278569221497,18
96,-0.884872317314148,29
31,-0.9874151349067688,32
174,-0.9915620684623718,11
38,-0.7305701375007629,11
27,-0.9878650307655334,37
161,-0.9970778226852416,38
82,-0.9825395345687866,41
47,-0.996273636817932,52
123,-0.9078319668769836,12
253,-0.9923404455184937,28
49,-0.9969515800476074,19
35,-0.9647330045700072,24
51,-0.7106448411941528,31
39,-0.914636731147766,20
29,-0.97846782207489,16
77,-0.9933049082756042,90
151,-0.9782056212425232,35
91,-0.9969595670700072,25
20,-0.9987045526504515,37
160,-0.987016499042511,16
32,-0.996306300163269,24
48,-0.5086266994476318,73
78,-0.9973045587539672,12
25,-0.9986306428909302,14
225,-0.9935814142227172,38
96,-0.9856457114219666,30
72,-0.9804669022560121,19
61,-0.993569016456604,13
31,-0.9986515641212464,54
219,-0.9982512593269348,24
48,-0.7699965238571167,13
42,-0.9978938698768616,45
100,-0.9985163807868958,33
59,-0.9588268995285034,12
127,-0.9899303913116456,14
35,-0.994343876838684,12
64,-0.9671455025672911,21
65,-0.6918493509292603,18
109,-0.9968340992927552,9
21,-0.8556458950042725,21
285,-0.989150881767273,31
45,-0.9854744672775269,19
21,-0.9942438006401062,15
107,-0.9886278510093688,12
22,-0.9223573803901672,9
68,-0.990799367427826,23
25,-0.8480380177497864,15
58,-0.9966711401939392,8
36,-0.9595921635627748,20
228,-0.998921036720276,46
158,-0.8509342074394226,10
52,-0.9937480688095092,28
48,-0.9474236369132996,18
199,-0.9975722432136536,28
124,-0.9964221715927124,6
34,-0.7909291982650757,74
208,-0.8664368987083435,45
251,-0.71278315782547,9
26,-0.6116609573364258,22
85,-0.5411686897277832,81
52,-0.9991412162780762,11
291,-0.9974573254585266,36
156,-0.8689250946044922,9
59,-0.8185941576957703,25
9,-0.9991253018379213,46
61,-0.9813795685768129,17
25,-0.9973415732383728,17
77,-0.9972816705703736,62
66,-0.8975374698638916,43
34,-0.9427167177200316,33
80,-0.9969744682312012,17
175,-0.6981686353683472,24
30,-0.9814881086349488,11
179,-0.9470638036727904,16
65,-0.9557731747627258,21
27,-0.9965558052062988,61
234,-0.9878147840499878,16
82,-0.9801607728004456,11
32,-0.8803385496139526,13
24,-0.999006450176239,37
163,-0.977799654006958,12
47,-0.588142991065979,16
35,-0.9966922998428344,26
57,-0.9980308413505554,25
181,-0.9943048357963562,22
117,-0.9386250972747804,15
55,-0.8329716920852661,21
61,-0.766002893447876,21
43,-0.9956823587417604,21
6,-0.9916170239448548,14
3,-0.7626294493675232,21
187,-0.9749574661254884,9
37,-0.9976744055747986,33
165,-0.9991464614868164,16
97,-0.963119626045227,43
83,-0.9978803396224976,30
20,-0.9961256384849548,15
70,-0.6232634782791138,19
224,-0.9498947858810424,63
67,-0.9094045162200928,18
44,-0.7718614339828491,56
172,-0.7232815623283386,15
36,-0.9987527132034302,5
35,-0.7605499625205994,35
199,-0.9973596930503844,19
104,-0.94491845369339,28
77,-0.6585498452186584,16
149,-0.9003151655197144,26
27,-0.9805958271026612,18
208,-0.9717689752578736,34
173,-0.9922385811805724,31
26,-0.9992492794990541,10
226,-0.988801121711731,12
133,-0.9902659058570862,15
48,-0.9963778853416444,9
184,-0.7714322805404663,23
79,-0.9953458905220032,25
210,-0.9983295798301696,22
44,-0.9992546439170836,10
17,-0.9985451698303224,13
53,-0.9992153644561768,21
26,-0.7990595102310181,34
108,-0.9977715015411376,55
33,-0.9822184443473816,9
114,-0.8142104148864746,27
278,-0.9961122870445251,22
79,-0.9581512212753296,50
20,-0.9981173276901244,17
41,-0.6640987396240234,12
43,-0.7906311154365541,36
21,-0.9988780617713928,31
175,-0.9983981251716614,20
198,-0.9929793477058412,28
136,-0.9418331384658812,26
48,-0.9529765248298644,41
162,-0.9672795534133912,14
102,-0.9991472959518432,14
24,-0.9918251037597656,47
216,-0.995822548866272,29
117,-0.5683667063713074,15
52,-0.9099345207214355,37
35,-0.9992597699165344,8
49,-0.5513753294944763,23
24,-0.9978706836700441,8
18,-0.994112193584442,14
78,-0.6773215532302856,10
109,-0.9966732263565063,12
73,-0.5468150973320007,14
163,-0.9986818432807922,13
27,-0.9875699877738952,18
25,-0.999189555644989,13
252,-0.9816161394119264,7
59,-0.9988077878952026,36
24,-0.9916302561759948,39
149,-0.9991658926010132,10
46,-0.9965431094169616,10
22,-0.9920094013214112,15
268,-0.9976080656051636,10
37,-0.99735826253891,8
31,-0.9543689489364624,15
204,-0.9983735084533693,18
37,-0.9471198320388794,13
50,-0.5736287236213684,19
22,-0.90231454372406,15
18,-0.8387264609336853,24
183,-0.9991668462753296,23
59,-0.9969716072082521,35
23,-0.8545014262199402,20
35,-0.99847811460495,19
60,-0.5940134525299072,14
5,-0.9495176672935486,14
13,-0.9968258142471312,28
28,-0.9941434264183044,20
150,-0.9975922107696532,8
83,-0.9662302136421204,22
70,-0.9975491166114808,15
59,-0.8755816221237183,23
97,-0.9980618357658386,44
178,-0.9964900612831116,9
37,-0.9979395270347596,49
84,-0.9986122846603394,10
67,-0.9826273322105408,22
13,-0.969273328781128,17
229,-0.8420540094375609,21
59,-0.9954879879951476,20
39,-0.639662504196167,15
182,-0.5586614012718201,16
27,-0.9582622051239014,12
20,-0.6754823327064514,12
249,-0.7705346941947937,29
62,-0.9990087151527404,18
46,-0.9943185448646544,10
19,-0.9980936646461488,56
189,-0.977150559425354,20
24,-0.998331606388092,12
143,-0.9940867424011229,61
67,-0.7929731607437134,50
178,-0.9985748529434204,9
33,-0.9980230331420898,10
241,-0.9966108202934264,9
19,-0.9989206790924072,13
41,-0.9988123178482056,24
29,-0.9976613521575928,33
221,-0.9977935552597046,12
90,-0.9709641933441162,73
11,-0.988280951976776,10
32,-0.986810564994812,20
78,-0.9992879033088684,10
171,-0.9986569881439208,19
29,-0.7511895895004272,18
19,-0.6723472476005554,13
61,-0.9476508498191832,25
16,-0.9987884163856506,14
10,-0.9834825992584229,20
57,-0.7759560346603394,20
256,-0.9983962178230286,26
98,-0.996854603290558,11
24,-0.9978267550468444,18
253,-0.9877709150314332,13
35,-0.6967353224754333,17
21,-0.8781741261482239,29
132,-0.9985976815223694,29
51,-0.6627328395843506,28
36,-0.955826222896576,34
144,-0.7143688797950745,13
89,-0.9062845706939696,8
100,-0.5886864066123962,24
130,-0.9340296387672424,29
79,-0.998984158039093,48
60,-0.9990098476409912,72
38,-0.6247933506965637,23
54,-0.9752076864242554,25
141,-0.9959979057312012,18
86,-0.6659671068191528,20
71,-0.6935238242149353,67
136,-0.9960905909538268,61
180,-0.9206468462944032,13
31,-0.9983365535736084,25
42,-0.9957314133644104,21
27,-0.5180569887161255,49
63,-0.988074004650116,12
66,-0.970439910888672,20
36,-0.9711714386940002,26
54,-0.9021053314208984,22
31,-0.7842293381690979,15
52,-0.9981570839881896,17
64,-0.9972571730613708,21
4,-0.9980432987213136,28
30,-0.9930911064147948,26
17,-0.8797107934951782,41
22,-0.9551254510879515,54
127,-0.8100250959396362,37
74,-0.7620155215263367,23
10,-0.8800764679908752,33
279,-0.9870779514312744,20
32,-0.8827303051948547,17
203,-0.9985396862030028,19
148,-0.9033219218254088,35
84,-0.8346567749977112,59
50,-0.9879466891288756,14
37,-0.9992538094520568,15
39,-0.9990320205688475,18
24,-0.99694162607193,9
203,-0.9969659447669984,34
163,-0.9926449060440063,26
97,-0.9982414245605468,81
33,-0.5510038137435913,13
20,-0.9901968240737916,7
130,-0.9976296424865724,53
34,-0.9988025426864624,15
30,-0.8365802168846129,9
75,-0.5581963062286377,34
36,-0.955962061882019,18
97,-0.9953617453575134,25
40,-0.9528892636299132,17
53,-0.9846173524856568,20
12,-0.9981964230537416,18
221,-0.5844877362251282,18
268,-0.9502094984054564,8
281,-0.9165202975273132,23
37,-0.9896168708801271,31
141,-0.9900406002998352,28
67,-0.9744566082954408,9
174,-0.6533994078636169,15
103,-0.919370412826538,31
177,-0.9987499713897704,18
67,-0.8973482251167297,30
135,-0.9971011281013488,19
291,-0.9950866103172302,43
67,-0.9812182784080504,21
5,-0.9980415105819702,70
157,-0.9772213697433472,61
77,-0.9316635131835938,30
43,-0.9987390637397766,33
86,-0.9981734752655028,73
56,-0.6589007973670961,24
63,-0.6358327269554138,46
34,-0.9970851540565492,23
181,-0.8617646098136902,13
31,-0.978139877319336,9
160,-0.8904993534088135,37
83,-0.9981824159622192,9
37,-0.9912312626838684,43
206,-0.9969825148582458,25
55,-0.9974677562713624,17
57,-0.9990274906158448,17
42,-0.9986916184425354,19
19,-0.9910978078842164,19
137,-0.999135434627533,13
125,-0.9988384842872621,12
13,-0.9991676807403564,34
160,-0.9990116357803344,15
39,-0.9988576173782348,45
207,-0.9978531002998352,16
79,-0.9274240732192992,20
36,-0.9989118576049804,13
70,-0.999037504196167,16
22,-0.9679896235466005,30
13,-0.9985394477844238,31
178,-0.998738706111908,12
52,-0.9962950348854064,25
30,-0.9990737438201904,40
9,-0.9813978672027588,15
4,-0.997050642967224,33
163,-0.9980164766311646,23
104,-0.9991094470024108,20
34,-0.9531549215316772,37
88,-0.950440526008606,40
56,-0.89775151014328,32
54,-0.998066246509552,17
53,-0.9582281708717346,15
130,-0.9877931475639344,10
78,-0.9983271956443788,9
147,-0.9954611659049988,31
48,-0.9800878167152404,59
205,-0.826799213886261,18
130,-0.993357002735138,33
36,-0.5567088723182678,22
48,-0.9989323019981384,15
26,-0.9759564399719238,27
39,-0.7232745885848999,29
24,-0.9991241097450256,39
236,-0.9988536834716796,25
51,-0.9887403845787048,11
31,-0.9254569411277772,33
161,-0.9658269882202148,25
31,-0.8677341341972351,34
16,-0.6554388403892517,16
61,-0.9984799027442932,7
15,-0.991706609725952,40
100,-0.9814319610595704,18
25,-0.9533310532569884,38
200,-0.991912603378296,24
45,-0.9862003326416016,26
41,-0.8648691177368164,81
61,-0.997548758983612,10
15,-0.9974682331085204,5
9,-0.9609989523887634,22
78,-0.7493700981140137,21
186,-0.9897965788841248,37
145,-0.9949619770050048,25
193,-0.8442582488059998,11
33,-0.9970427155494691,22
120,-0.9984627962112428,23
48,-0.95464825630188,16
65,-0.9117258191108704,9
149,-0.6815707683563232,10
48,-0.6133918166160583,17
17,-0.998468816280365,17
13,-0.9286009669303894,18
77,-0.5411686897277832,81
131,-0.9985527396202089,30
61,-0.9924231171607972,26
7,-0.9864951372146606,19
6,-0.9962714910507202,16
97,-0.998445689678192,25
80,-0.9970340728759766,39
20,-0.997579038143158,9
151,-0.9925576448440552,14
29,-0.9025593996047974,32
34,-0.7617144584655762,21
127,-0.9805323481559752,13
70,-0.7733240127563477,42
61,-0.9915592074394226,43
57,-0.9991019964218141,37
47,-0.6975247263908386,10
29,-0.9248981475830078,25
34,-0.8596981763839722,25
30,-0.5034410357475281,20
143,-0.9985155463218688,8
109,-0.9626033902168274,8
20,-0.99748033285141,12
68,-0.9967488050460817,19
36,-0.998641073703766,10
152,-0.9985396862030028,16
66,-0.9973926544189452,34
35,-0.9086759090423584,59
103,-0.9662919044494628,28
76,-0.9953155517578124,23
24,-0.998748540878296,26
109,-0.9108344912528992,43
35,-0.9849786162376404,15
247,-0.99685138463974,12
22,-0.9975705742836,15
177,-0.9969989061355592,19
72,-0.9746723175048828,21
36,-0.579933226108551,34
132,-0.793338418006897,24
93,-0.9990315437316896,40
92,-0.8445401787757874,26
52,-0.5563113689422607,8
66,-0.9736264944076538,34
49,-0.9956865906715392,70
195,-0.773925244808197,51
23,-0.9943444728851318,7
133,-0.9966380596160888,51
58,-0.9983555674552916,21
45,-0.7143229246139526,55
337,-0.9753606915473938,27
114,-0.6097561120986938,19
261,-0.9495999217033386,8
83,-0.9986832737922668,14
85,-0.9588946700096129,16
288,-0.9730835556983948,14
180,-0.9985904097557068,26
203,-0.9401080012321472,54
104,-0.9988827109336852,13
79,-0.9116377830505372,34
87,-0.9893282055854796,16
198,-0.9893429279327391,11
98,-0.9989664554595948,22
26,-0.640380322933197,46
15,-0.9976097345352172,21
191,-0.9466018080711364,14
140,-0.981526017189026,19
125,-0.997247278690338,14
64,-0.6331007480621338,23
215,-0.8138623833656311,24
244,-0.9966341853141784,13
77,-0.531227707862854,12
67,-0.966996431350708,11
43,-0.5816623568534851,12
226,-0.9977486729621888,10
48,-0.9979370832443236,42
24,-0.9986035227775574,21
162,-0.9947488903999328,16
80,-0.6202517151832581,25
62,-0.8883515000343323,8
304,-0.7047364711761475,11
134,-0.9718452692031859,15
91,-0.9888036847114564,27
74,-0.9285579323768616,47
40,-0.8383870124816895,17
18,-0.8865980505943298,41
12,-0.9878447651863098,42
104,-0.9980477094650269,18
142,-0.8797698616981506,20
98,-0.9965029954910278,18
331,-0.9812214970588684,45
73,-0.9939970970153807,12
56,-0.9986218214035034,23
230,-0.9986353516578674,12
68,-0.990844190120697,20
64,-0.998439610004425,20
26,-0.9980102181434632,7
73,-0.9925503730773926,44
113,-0.981440544128418,51
217,-0.7399753332138062,22
221,-0.9988865256309508,6
15,-0.9768779277801514,45
375,-0.9707011580467224,16
9,-0.9798238277435304,12
107,-0.9738392829895021,32
79,-0.990693747997284,23
21,-0.9941139817237854,38
55,-0.8719121217727661,22
44,-0.9984573125839232,27
91,-0.9981877207756042,18
18,-0.998467743396759,35
29,-0.9960734844207764,39
27,-0.997897744178772,30
101,-0.9980091452598572,35
169,-0.9991046786308287,40
108,-0.9989676475524902,9
69,-0.9957107305526732,16
115,-0.8967003226280212,21
56,-0.9956837892532348,22
19,-0.996272087097168,7
8,-0.9342232346534728,34
20,-0.9993014335632324,27
168,-0.8284451961517334,26
104,-0.9865886569023132,27
121,-0.9990313053131104,25
28,-0.9979366064071656,13
233,-0.8285841345787048,17
150,-0.9959573149681092,33
137,-0.7934381365776062,27
119,-0.989934265613556,16
68,-0.6430311799049377,8
49,-0.8656796216964722,12
79,-0.9170750379562378,40
86,-0.9965407252311708,23
38,-0.7925952672958374,56
210,-0.9991662502288818,14
54,-0.9967827796936036,15
116,-0.9013437628746032,35
114,-0.9799081683158876,14
29,-0.7185476422309875,22
143,-0.99296772480011,16
86,-0.9990322589874268,15
197,-0.8348569869995117,20
37,-0.9976267218589784,20
238,-0.9239564538002014,83
184,-0.5325294733047485,22
104,-0.9661003947257996,17
61,-0.8710575103759766,13
139,-0.6812586784362793,23
42,-0.9979735016822816,40
135,-0.9983848333358764,34
109,-0.9936397671699524,38
120,-0.9899575114250184,32
43,-0.9872588515281676,31
137,-0.9985533356666564,49
130,-0.7475728392601013,37
60,-0.9551096558570862,13
166,-0.9288974404335022,12
101,-0.8800748586654663,9
47,-0.92250394821167,24
220,-0.9982298016548156,8
84,-0.9980186223983764,20
86,-0.9987585544586182,34
191,-0.99746572971344,17
88,-0.9974756836891174,14
88,-0.6483536958694458,65
145,-0.9560278654098512,77
82,-0.9748192429542542,37
160,-0.9979867935180664,20
65,-0.9550154209136964,41
46,-0.917933225631714,25
148,-0.5059795975685121,10
127,-0.9989427924156188,10
171,-0.9992396831512452,13
74,-0.9992017149925232,22
129,-0.9974870681762696,20
326,-0.9878050088882446,12
44,-0.5799626111984253,22
122,-0.9976863861083984,21
36,-0.9832338690757751,16
107,-0.7260206341743469,17
60,-0.7493792772293091,41
34,-0.9989928603172302,36
202,-0.9781785607337952,18
25,-0.9790680408477784,19
163,-0.911110818386078,38
68,-0.9529501795768738,23
49,-0.993723452091217,27
59,-0.896284282207489,23
59,-0.9923595786094666,21
126,-0.990530788898468,18
58,-0.6006408929824829,18
267,-0.9988732933998108,15
267,-0.996849238872528,25
166,-0.8821393251419067,19
31,-0.998984158039093,13
150,-0.9118688702583312,85
86,-0.7526601552963257,44
46,-0.5573129653930664,24
58,-0.9904351234436036,18
217,-0.9268469214439392,21
31,-0.9736753106117249,48
139,-0.9988270401954652,14
56,-0.998946487903595,66
179,-0.988720953464508,82
102,-0.6994231939315796,23
60,-0.9948910474777222,31
83,-0.9945882558822632,20
61,-0.9886873960494996,32
207,-0.9969859719276428,25
59,-0.9930862188339232,11
21,-0.9907639622688292,43
193,-0.9992412328720092,18
30,-0.9926682114601136,38
182,-0.9241130948066713,42
51,-0.8994396924972534,21
47,-0.9789652228355408,30
21,-0.5993977189064026,26
38,-0.9867846369743348,39
81,-0.814932107925415,29
73,-0.8100577592849731,26
54,-0.965682864189148,15
70,-0.9990906715393066,38
31,-0.9844762682914734,23
196,-0.9702933430671692,73
42,-0.9095571041107178,14
27,-0.9921805858612059,13
38,-0.9967803955078124,40
19,-0.9532842636108398,37
11,-0.997696578502655,23
76,-0.9886433482170104,18
113,-0.9924758076667786,18
25,-0.9949980974197388,18
20,-0.9963709115982056,10
70,-0.9991559982299804,12
31,-0.9987587928771972,18
16,-0.9706330895423888,78
8,-0.99893981218338,30
23,-0.847162663936615,11
135,-0.9981039762496948,25
340,-0.9941442608833312,16
61,-0.9930249452590942,27
53,-0.9891669750213624,31
142,-0.6611273288726807,16
75,-0.6010602712631226,19
156,-0.6553092002868652,24
28,-0.9144365191459656,34
56,-0.7170823216438293,14
35,-0.9980459213256836,9
75,-0.6029379367828369,25
67,-0.7234559059143066,36
274,-0.997900128364563,19
82,-0.977970004081726,63
196,-0.973404049873352,19
71,-0.9931759238243104,31
134,-0.9946451187133788,17
100,-0.9987217783927916,23
35,-0.9985080361366272,25
73,-0.9935810565948486,25
31,-0.9983686804771424,38
221,-0.9955973029136658,36
228,-0.9991248250007628,16
129,-0.7147555351257324,22
85,-0.9382163882255554,14
150,-0.9977253079414368,16
51,-0.994197964668274,7
217,-0.9971940517425536,12
75,-0.9925630688667296,20
40,-0.7735496759414673,33
18,-0.7028552293777466,9
18,-0.9497358202934264,38
70,-0.9351727366447448,8
12,-0.6594493389129639,13
9,-0.9158056974411012,26
80,-0.7674017548561096,7
30,-0.999110996723175,30
248,-0.9985886216163636,6
134,-0.9989546537399292,11
43,-0.997403919696808,22
221,-0.9969670176506042,49
145,-0.9130913019180298,18
247,-0.9990047812461852,11
110,-0.9890794157981871,20
59,-0.9934313893318176,14
141,-0.9992260932922364,24
100,-0.843552827835083,31
217,-0.7974504232406616,33
55,-0.7048117518424988,88
28,-0.6614570021629333,22
17,-0.9711880683898926,14
223,-0.9954769015312196,33
36,-0.9976069927215576,20
30,-0.991032063961029,19
212,-0.6503618955612183,16
48,-0.7957893610000609,47
194,-0.9860860109329224,23
56,-0.757732629776001,27
29,-0.8538207411766052,14
197,-0.9968218803405762,21
184,-0.9354854226112366,6
81,-0.9967980980873108,17
18,-0.9983898401260376,16
32,-0.9991034865379332,34
220,-0.9965006113052368,13
65,-0.8340919613838196,14
29,-0.9797474145889282,13
31,-0.9958103895187378,15
29,-0.9982642531394958,25
9,-0.9980450868606568,39
180,-0.9980691075325012,8
61,-0.9990621209144592,22
53,-0.9990450739860536,12
15,-0.9975402355194092,11
11,-0.9984594583511353,26
168,-0.9276145696640016,80
46,-0.9987659454345704,7
197,-0.950135350227356,35
130,-0.9973452687263488,35
56,-0.9968417882919312,17
114,-0.9466480612754822,7
59,-0.9982985854148864,25
8,-0.9760295748710632,18
2,-0.9406681656837464,11
176,-0.9991526603698729,18
79,-0.9749755859375,18
24,-0.959071934223175,26
244,-0.972225546836853,12
88,-0.998178482055664,11
63,-0.6492096781730652,17
34,-0.998914122581482,83
178,-0.9870898127555848,19
59,-0.9759047627449036,28
42,-0.8546054363250732,19
10,-0.991455852985382,9
63,-0.9982681274414062,21
45,-0.9958786964416504,14
5,-0.9968271851539612,69
85,-0.9916627407073976,9
60,-0.9984928369522096,59
76,-0.5568212270736694,58
70,-0.5366531610488892,12
117,-0.9332545399665833,39
62,-0.9979053735733032,72
151,-0.8214865326881409,21
38,-0.9990923404693604,10
255,-0.9668653607368468,18
122,-0.9986733198165894,14
40,-0.9991027116775512,48
233,-0.9965813755989076,64
194,-0.7266165018081665,11
54,-0.9981408119201659,18
43,-0.9983069896697998,9
10,-0.9797996878623962,59
182,-0.9990299940109252,40
76,-0.8979104161262512,34
30,-0.9877756834030152,25
234,-0.8921402096748352,22
16,-0.9971023201942444,35
22,-0.9934873580932616,38
152,-0.9985008239746094,24
89,-0.8808452486991882,6
145,-0.9071264266967772,26
50,-0.7867950797080994,11
63,-0.9287144541740416,20
10,-0.9621847867965698,48
31,-0.97388756275177,69
23,-0.9785748720169068,15
89,-0.9870262742042542,35
31,-0.954748809337616,17
37,-0.9983292222023009,53
97,-0.8939738273620605,16
24,-0.9967674016952516,13
6,-0.6481483578681946,25
132,-0.9229983687400818,14
189,-0.998557150363922,17
50,-0.9366612434387208,9
188,-0.9990850687026978,15
76,-0.9988862872123718,28
41,-0.6399537324905396,16
52,-0.998548686504364,15
37,-0.9957103729248048,59
53,-0.9989211559295654,22
10,-0.9884355068206788,14
168,-0.9990098476409912,10
92,-0.9955599308013916,40
80,-0.9955856800079346,16
124,-0.9975728392601012,22
33,-0.987976372241974,12
39,-0.5422763228416443,20
34,-0.997538447380066,14
82,-0.9982150793075562,34
24,-0.99905925989151,18
71,-0.9982579350471495,28
52,-0.6518868803977966,71
175,-0.9913594126701356,45
80,-0.9989037513732909,28
36,-0.995669960975647,76
23,-0.9805590510368348,20
20,-0.9947670698165894,21
168,-0.9163723587989808,10
115,-0.6397366523742676,14
153,-0.6527054309844971,21
34,-0.9591275453567504,11
59,-0.9925816059112548,49
7,-0.8573380708694458,25
17,-0.9877272844314576,6
42,-0.9549447298049928,38
57,-0.7172523736953735,21
27,-0.8321872353553772,25
9,-0.9785155057907104,38
50,-0.9709396362304688,16
19,-0.9881977438926696,31
34,-0.6112111806869507,21
207,-0.9949828386306764,28
43,-0.9154918789863586,46
14,-0.9316931366920472,80
148,-0.658536434173584,13
98,-0.863480806350708,68
72,-0.995566189289093,31
180,-0.7660604119300842,46
29,-0.962314248085022,18
255,-0.9917512536048888,19
55,-0.5831671357154846,50
18,-0.9974892139434814,28
173,-0.5942133069038391,32
62,-0.993127703666687,20
268,-0.974756360054016,19
182,-0.9955703616142272,21
51,-0.9943382143974304,28
32,-0.9619036912918092,10
143,-0.9806526899337769,23
27,-0.9963489770889282,17
90,-0.9605906009674072,49
34,-0.9986530542373656,30
219,-0.9462485909461976,9
193,-0.9524611234664916,24
250,-0.9573180675506592,19
37,-0.9976825714111328,8
26,-0.9981546998023988,20
42,-0.8282260298728943,10
28,-0.9973815083503724,16
9,-0.968191623687744,8
89,-0.9822875261306764,12
590,-0.5661103129386902,89
37,-0.9976685643196106,24
159,-0.9988071918487548,63
38,-0.9985690116882324,9
32,-0.993474304676056,11
185,-0.9965007305145264,9
41,-0.9850484728813172,22
37,-0.9928435683250428,30
52,-0.9871048927307128,26
88,-0.9610314369201659,28
63,-0.996174931526184,66
185,-0.9447450637817384,17
36,-0.9986842274665833,18
157,-0.9989405274391174,35
36,-0.9701899886131288,28
8,-0.9984013438224792,12
212,-0.9983001351356506,21
37,-0.9989117383956908,13
33,-0.9976187348365784,41
241,-0.9990714788436891,24
50,-0.9987885355949402,24
137,-0.9984902143478394,24
96,-0.9992128610610962,12
167,-0.9978569149971008,19
187,-0.9875498414039612,35
71,-0.9982823133468628,11
50,-0.9967490434646606,65
268,-0.9614181518554688,23
142,-0.999171495437622,12
68,-0.9760783910751344,13
19,-0.9942230582237244,25
176,-0.8904357552528381,52
98,-0.9935731291770936,22
105,-0.9790226817131042,12
58,-0.9978199005126952,8
186,-0.9939072728157043,17
24,-0.5919035077095032,37
71,-0.8691303730010986,15
143,-0.5348562598228455,18
26,-0.9983344674110411,42
223,-0.9926912188529968,20
48,-0.9306510090827942,43
33,-0.7593632340431213,19
296,-0.998658299446106,27
53,-0.9991016387939452,30
36,-0.9899688363075256,23
149,-0.7082869410514832,40
69,-0.6732016801834106,18
88,-0.9982632994651794,91
191,-0.989180862903595,26
29,-0.9454581737518309,27
97,-0.9665747880935668,21
15,-0.991895854473114,23
8,-0.823395848274231,31
109,-0.9991300702095032,4
138,-0.9988077878952026,20
40,-0.9984477758407592,15
23,-0.9990857839584352,17
25,-0.9610326290130616,10
27,-0.9928815364837646,43
18,-0.9991617202758788,21
48,-0.901447594165802,47
196,-0.9989732503890992,18
137,-0.9459456205368042,12
46,-0.9946401715278624,26
111,-0.9973183274269104,23
53,-0.9864031076431274,46
140,-0.9983185529708862,12
66,-0.5767173171043396,41
160,-0.9915416836738586,9
67,-0.9988266825675964,6
52,-0.9965135455131532,24
98,-0.9690973162651062,15
38,-0.9985686540603638,32
472,-0.9981755018234252,25
38,-0.9930041432380676,18
22,-0.9964467883110046,11
189,-0.9974210262298584,36
51,-0.9986310601234436,21
30,-0.9396524429321288,16
105,-0.7946867346763611,45
182,-0.9905508756637572,24
21,-0.9986288547515868,54
102,-0.9425646066665648,64
61,-0.8755552172660828,37
23,-0.9404042363166808,12
157,-0.9910823106765748,20
194,-0.9587854743003844,27
88,-0.9795463681221008,12
75,-0.6004902720451355,32
43,-0.9623042345046996,28
57,-0.959021270275116,65
15,-0.9971482157707214,20
201,-0.9982110261917114,15
34,-0.6643505096435547,18
80,-0.9986390471458436,34
124,-0.9858448505401612,30
186,-0.9986751675605774,33
92,-0.9991360306739808,37
209,-0.9990696310997008,38
117,-0.9851930141448976,17
86,-0.9992840886116028,10
31,-0.979544758796692,22
129,-0.9986494183540344,15
63,-0.7774968147277832,16
34,-0.9971469044685364,44
20,-0.9868476986885072,42
106,-0.9447935223579408,28
193,-0.9984123706817628,19
92,-0.9990994930267334,8
9,-0.9980864524841307,13
171,-0.9286147356033324,30
46,-0.9986727237701416,21
44,-0.9988648891448976,19
61,-0.9919060468673706,24
48,-0.7067486643791199,19
11,-0.9963570237159728,21
261,-0.5659791827201843,12
46,-0.984577476978302,43
33,-0.9962837100028992,21
155,-0.8507064580917358,30
133,-0.9991472959518432,13
94,-0.9980251789093018,13
214,-0.5686197876930237,37
29,-0.9714582562446594,8
208,-0.9991506338119508,10
49,-0.9162674546241759,51
278,-0.9989920258522034,18
83,-0.99533349275589,64
29,-0.994800329208374,14
88,-0.9980833530426024,11
4,-0.9971761703491212,16
4,-0.9979901313781738,63
76,-0.9823279380798341,15
59,-0.9990041851997375,17
87,-0.9818370938301086,42
53,-0.9869905114173888,17
171,-0.9983075857162476,2
120,-0.9977198243141174,24
57,-0.946435272693634,6
38,-0.9967074394226074,18
109,-0.9975492358207704,48
63,-0.9991230368614196,37
78,-0.9403687119483948,16
33,-0.9584025144577026,14
72,-0.804973304271698,56
65,-0.9990522265434264,19
114,-0.9984310269355774,28
189,-0.9976632595062256,51
54,-0.9981928467750548,20
37,-0.9934095144271852,29
258,-0.9863060712814332,16
24,-0.958180844783783,31
15,-0.9975479245185852,26
279,-0.9074188470840454,33
105,-0.9925199747085572,14
35,-0.987764060497284,14
31,-0.8493188619613647,43
19,-0.9687862992286682,27
9,-0.9948593378067015,14
47,-0.9173732995986938,11
32,-0.7550668120384216,11
197,-0.9293732047080994,8
24,-0.996768832206726,14
15,-0.9975579977035522,8
43,-0.9973790645599364,22
53,-0.9987019300460817,17
27,-0.9866575598716736,25
36,-0.9924896359443665,9
12,-0.5716661810874939,27
160,-0.9987844824790956,13
60,-0.9989905953407288,16
35,-0.8875070810317993,14
274,-0.9949809908866882,15
72,-0.7826724052429199,87
19,-0.9992755055427552,12
59,-0.99620121717453,38
142,-0.9477104544639589,31
175,-0.9988131523132324,15
88,-0.9989445805549622,12
31,-0.9991263747215272,25
33,-0.5378074645996094,45
158,-0.9989017248153688,33
63,-0.9867608547210692,40
57,-0.6104788184165955,26
45,-0.9387459754943848,32
14,-0.9846834540367126,26
28,-0.904348075389862,65
54,-0.9973518848419191,16
206,-0.5035008192062378,18
66,-0.9929116368293762,20
24,-0.9934329986572266,22
42,-0.5612733960151672,30
54,-0.995353102684021,18
114,-0.9990550875663756,19
109,-0.998178482055664,46
40,-0.999118983745575,13
91,-0.9972788691520692,13
59,-0.9909412264823914,36
38,-0.9161072373390198,9
71,-0.9989946484565736,58
40,-0.9911728501319884,56
98,-0.998651921749115,10
182,-0.9975262284278871,24
39,-0.9988182187080384,73
22,-0.9986786246299744,32
176,-0.9974525570869446,16
41,-0.9872508049011229,10
32,-0.9858108758926392,24
59,-0.9926890730857848,23
85,-0.8585150241851807,23
150,-0.8761814832687378,16
103,-0.9492664933204652,87
199,-0.9084295034408568,17
89,-0.871254563331604,33
182,-0.9698087573051452,20
31,-0.967190444469452,20
274,-0.8243772983551025,15
32,-0.8200485706329346,24
30,-0.9978298544883728,12
104,-0.9984315037727356,48
43,-0.9990243911743164,22
119,-0.9964200258255004,28
144,-0.9956484436988832,24
92,-0.9939309358596802,73
47,-0.9990609288215636,41
75,-0.6098503470420837,38
8,-0.9980757236480712,51
63,-0.9973451495170592,15
13,-0.996911346912384,46
96,-0.958759307861328,37
195,-0.6997015476226807,52
48,-0.9942916631698608,33
26,-0.909057915210724,38
134,-0.8974652886390686,15
232,-0.998172402381897,18
39,-0.9972877502441406,19
36,-0.9975631237030028,15
207,-0.8311118483543396,22
34,-0.75680011510849,19
144,-0.9990493655204772,7
135,-0.9987850785255432,18
51,-0.9984763264656068,15
124,-0.9745210409164428,25
111,-0.9986395239830016,18
74,-0.9411937594413756,40
225,-0.7476683855056763,49
54,-0.9986129999160768,28
35,-0.9636871814727784,35
75,-0.9880410432815552,13
19,-0.978851556777954,23
115,-0.9987236857414246,13
97,-0.6479734182357788,28
59,-0.9976876974105836,13
98,-0.9819677472114564,15
20,-0.9991611242294312,20
50,-0.996572971343994,17
21,-0.97188538312912,20
21,-0.9972696900367736,48
15,-0.9989976286888124,21
5,-0.9988961219787598,19
250,-0.9991570711135864,15
32,-0.532373309135437,58
81,-0.9984808564186096,21
23,-0.9341986775398254,20
127,-0.9976396560668944,44
87,-0.9472317695617676,24
184,-0.7593912482261658,25
129,-0.9949398040771484,1
152,-0.9987407326698304,45
125,-0.9758394956588744,14
189,-0.995152473449707,14
67,-0.9858760237693788,34
29,-0.9978806972503662,44
110,-0.902210295200348,18
85,-0.8063121438026428,44
62,-0.9987964630126952,32
100,-0.9983476400375366,17
150,-0.9987627267837524,26
94,-0.9985854625701904,12
48,-0.996587872505188,48
261,-0.8731868863105774,16
87,-0.995578944683075,38
191,-0.9896995425224304,13
44,-0.910549819469452,50
44,-0.9944303631782532,24
186,-0.5106813311576843,16
78,-0.9827519059181212,78
35,-0.9989437460899352,64
85,-0.5962386727333069,25
86,-0.9897966980934144,73
24,-0.9990125894546508,7
135,-0.8574203252792358,13
23,-0.9034301042556764,17
40,-0.9991975426673888,53
20,-0.9985361099243164,22
36,-0.6046262979507446,24
22,-0.985728085041046,21
252,-0.9917608499526978,13
101,-0.9990098476409912,19
24,-0.9595109820365906,28
17,-0.8383534550666809,16
283,-0.5251273512840271,15
84,-0.9928669929504396,18
87,-0.977286696434021,10
51,-0.984763205051422,29
66,-0.777369499206543,30
62,-0.9942083358764648,78
8,-0.973296284675598,61
85,-0.8078394532203674,18
40,-0.9958844780921936,46
244,-0.9914174675941468,9
46,-0.9975850582122804,29
38,-0.9985485672950744,44
217,-0.9884703159332277,47
60,-0.992095947265625,14
77,-0.9641637206077576,12
227,-0.999133050441742,12
158,-0.9931156039237976,51
59,-0.9954757094383241,32
177,-0.9329268932342528,19
37,-0.9579015374183656,55
58,-0.9918190240859984,28
50,-0.9982909560203552,24
21,-0.9935346841812134,20
278,-0.8935702443122864,18
17,-0.8250766396522522,51
187,-0.9542008638381958,15
48,-0.5987184047698975,66
31,-0.7131381630897522,50
173,-0.9657692313194276,14
24,-0.9987183809280396,33
257,-0.7233926057815552,16
20,-0.997002899646759,23
21,-0.56309974193573,19
50,-0.6091790199279785,39
27,-0.9712799787521362,53
63,-0.9836177825927734,33
99,-0.9957482218742372,25
6,-0.9913966059684752,35
164,-0.9851958751678468,11
62,-0.996572971343994,37
132,-0.9971352815628052,24
62,-0.990694224834442,72
49,-0.987377107143402,20
8,-0.7552660703659058,30
78,-0.9666426181793212,33
132,-0.9936454296112059,18
17,-0.9977333545684814,41
76,-0.9888389706611632,15
155,-0.9981662631034852,14
72,-0.94918292760849,17
31,-0.9557141661643982,29
66,-0.5330293178558351,16
21,-0.6579127907752991,35
110,-0.8699778318405151,31
186,-0.9800779819488524,14
125,-0.9981048107147216,14
35,-0.9525513052940368,22
14,-0.615678071975708,8
159,-0.5924283266067505,6
230,-0.9565256834030152,11
80,-0.9991644620895386,14
253,-0.9990113973617554,14
75,-0.9982542395591736,19
203,-0.9992988109588624,9
93,-0.9993174076080322,12
180,-0.984023094177246,16
177,-0.9943220615386964,16
61,-0.9992590546607972,12
64,-0.99911767244339,28
77,-0.5142360329627991,38
26,-0.6726228594779968,35
21,-0.9291265606880188,11
94,-0.8291235566139221,66
74,-0.9990338087081908,41
284,-0.9859214425086976,14
63,-0.9975420236587524,25
249,-0.8579435944557191,18
153,-0.8985984325408936,25
26,-0.99048513174057,15
166,-0.9022893905639648,11
44,-0.9990836381912231,26
43,-0.9974461793899536,32
249,-0.9855552911758424,13
94,-0.9925639033317566,37
176,-0.9806625247001648,18
80,-0.9875405430793762,12
64,-0.9778698086738586,17
26,-0.6573541164398193,33
43,-0.9975124597549438,70
106,-0.8461533784866333,34
138,-0.5537463426589966,6
38,-0.9990110397338868,48
27,-0.7918203473091125,9
133,-0.9843426942825316,35
256,-0.998244285583496,28
54,-0.9822330474853516,18
189,-0.820512592792511,16
9,-0.9914708733558656,40
6,-0.9518635869026184,11
141,-0.98050057888031,45
125,-0.8631662726402283,33
72,-0.9988991022109984,29
48,-0.6108227372169495,8
24,-0.9972171783447266,20
186,-0.9990146160125732,20
11,-0.9968844056129456,54
180,-0.91849684715271,17
51,-0.9853370785713196,18
141,-0.7794494032859802,9
100,-0.9578004479408264,8
59,-0.967477321624756,26
235,-0.99639493227005,34
58,-0.9977781176567078,42
47,-0.993515968322754,11
27,-0.9889919757843018,16
33,-0.9917219281196594,17
48,-0.9985211491584778,19
128,-0.9947479367256165,16
35,-0.9984194040298462,40
54,-0.9710701704025269,19
226,-0.9965672492980956,20
33,-0.9783945083618164,60
28,-0.9989381432533264,17
44,-0.9883145093917848,15
14,-0.9168148040771484,37
196,-0.9738926887512208,56
45,-0.9988999366760254,11
28,-0.988515853881836,9
11,-0.9564577341079712,76
35,-0.9526371955871582,31
67,-0.9958828687667848,18
23,-0.5355017185211182,17
29,-0.9974034428596495,46
53,-0.9989759922027588,18
41,-0.9983627200126648,44
162,-0.8996581435203552,21
98,-0.9986745119094848,19
43,-0.9960876703262328,19
190,-0.9920700192451476,22
36,-0.9982377290725708,22
35,-0.9757339358329772,35
48,-0.6257243156433105,34
172,-0.9948179125785828,39
51,-0.9889664053916932,31
39,-0.998433530330658,27
142,-0.992416501045227,45
29,-0.9940788745880128,43
19,-0.9722080826759338,16
43,-0.9981512427330016,18
35,-0.9857601523399352,17
145,-0.8538819551467896,17
46,-0.9221248030662536,27
17,-0.997217297554016,24
171,-0.9988547563552856,36
72,-0.9303238987922668,37
68,-0.9199443459510804,16
67,-0.9835188388824464,22
78,-0.9948977828025818,11
68,-0.9672042727470398,65
43,-0.9701821208000184,34
154,-0.5582907199859619,38
59,-0.9991507530212402,47
40,-0.9901934266090392,15
16,-0.8517692685127258,22
164,-0.9981679916381836,52
277,-0.9293794035911559,32
62,-0.5651642680168152,14
266,-0.6130364537239075,27
73,-0.9833367466926576,47
18,-0.9679029583930968,13
355,-0.9992116689682008,14
31,-0.999139666557312,91
21,-0.9950997233390808,26
258,-0.996216118335724,66
121,-0.998813271522522,61
69,-0.8267656564712524,65
104,-0.994797945022583,6
42,-0.9883431792259216,21
114,-0.9977766871452332,11
20,-0.997553288936615,12
14,-0.9967171549797058,21
6,-0.922444224357605,48
62,-0.9970743656158448,7
30,-0.9946635961532592,17
43,-0.998623251914978,30
100,-0.8697137236595154,12
68,-0.9969462752342224,19
25,-0.973892092704773,37
132,-0.9484559297561646,15
69,-0.992048442363739,46
56,-0.9955651164054872,4
198,-0.9969210624694824,9
39,-0.9988142251968384,25
27,-0.9940401911735536,19
33,-0.8950409293174744,8
65,-0.8346526622772217,17
116,-0.992117702960968,36
100,-0.998584508895874,10
127,-0.8612574338912964,21
94,-0.7067539095878601,21
37,-0.9642021656036376,30
197,-0.8571732640266418,15
26,-0.570529043674469,31
155,-0.862873911857605,73
44,-0.9969245791435242,25
63,-0.9972876310348512,15
76,-0.9962612986564636,22
187,-0.7195146083831787,20
74,-0.996468424797058,11
43,-0.9990378618240356,17
87,-0.9441076517105104,12
50,-0.9979104399681092,21
58,-0.9664985537528992,27
51,-0.9935784339904784,53
133,-0.8758117556571959,31
162,-0.7135744690895081,17
57,-0.9981069564819336,37
99,-0.9404615759849548,13
247,-0.9920600652694702,16
160,-0.6650622487068176,36
64,-0.9981360435485841,10
119,-0.9987469911575316,21
58,-0.9091169238090516,18
11,-0.9907824397087096,36
4,-0.6858019828796387,13
28,-0.9440962076187134,12
48,-0.8713493943214417,14
37,-0.9992913007736206,24
5,-0.9356074929237366,10
47,-0.9638447761535645,3
211,-0.7712928056716919,60
123,-0.9220057129859924,43
97,-0.7694653272628784,28
287,-0.9991589784622192,15
21,-0.9987437129020692,12
9,-0.9656015038490297,22
139,-0.9965093731880188,13
24,-0.766343355178833,10
54,-0.8768178820610046,26
24,-0.8615741133689879,32
253,-0.9970381259918212,17
122,-0.6240974068641663,23
64,-0.9987939596176147,22
122,-0.8928288221359253,32
74,-0.9782931208610536,17
33,-0.5933383703231812,61
234,-0.9612557888031006,30
15,-0.9990642666816713,28
260,-0.989468276500702,18
48,-0.9926429390907288,5
24,-0.9932297468185424,24
66,-0.8358873724937439,24
211,-0.9363008737564088,22
18,-0.9588117003440856,13
49,-0.9979363679885864,35
143,-0.9991864562034608,19
96,-0.7348735928535461,17
92,-0.9847849607467652,11
29,-0.9864128828048706,19
180,-0.9914899468421936,5
153,-0.9987164735794068,25
31,-0.997812271118164,14
100,-0.5010703802108765,14
101,-0.7532282471656799,61
85,-0.5451447367668152,14
154,-0.9123700857162476,36
24,-0.996415376663208,15
52,-0.997240662574768,24
33,-0.6583334803581238,13
37,-0.9631524682044984,22
181,-0.9976348876953124,40
88,-0.9944603443145752,23
24,-0.9987379908561708,11
135,-0.9974338412284852,12
244,-0.992572784423828,33
22,-0.997655749320984,11
154,-0.99442458152771,14
63,-0.97461998462677,18
60,-0.9966387748718262,22
25,-0.8913073539733887,17
130,-0.949991762638092,12
31,-0.9713749885559082,6
13,-0.9497579336166382,28
259,-0.6269669532775879,53
16,-0.9736279249191284,23
135,-0.950810968875885,43
68,-0.9911091327667236,46
11,-0.9977065324783324,25
49,-0.9990857839584352,7
37,-0.997923731803894,95
160,-0.5508167743682861,35
89,-0.993960738182068,25
125,-0.8218724727630615,22
117,-0.8119719624519348,19
202,-0.9938939213752748,14
115,-0.9349220991134644,20
72,-0.9992081522941588,22
208,-0.5944957733154297,11
25,-0.958544671535492,30
19,-0.9990445971488952,14
42,-0.5262714624404907,4
62,-0.9799388647079468,34
179,-0.9567922353744508,38
52,-0.9989509582519532,17
14,-0.9955072402954102,89
135,-0.9987811446189879,29
97,-0.9696053862571716,31
70,-0.99804949760437,38
30,-0.9902779459953308,11
18,-0.9945770502090454,9
94,-0.908542275428772,17
37,-0.9914640784263612,19
263,-0.9987723231315612,20
42,-0.9987396597862244,36
33,-0.9966168999671936,20
88,-0.9783716201782228,16
30,-0.9880694746971129,11
12,-0.9987922310829164,15
50,-0.9313298463821412,28
148,-0.9810776114463806,23
36,-0.9879997372627258,58
186,-0.99860280752182,17
92,-0.9988934397697448,16
36,-0.9973875880241394,36
25,-0.9865937232971193,13
